{
  "version": 1,
  "author": "Anonymous maker",
  "editor": "wokwi",
  "parts": [
    {
      "type": "wokwi-breadboard",
      "id": "bb2",
      "top": 149,
      "left": -399.2,
      "rotate": 90,
      "attrs": { "color": "#eeefed" }
    },
    {
      "type": "board-esp32-s3-devkitc-1",
      "id": "esp",
      "top": -76.98,
      "left": -110.63,
      "attrs": {}
    },
    {
      "type": "wokwi-pushbutton",
      "id": "btn1",
      "top": 227,
      "left": -124.8,
      "attrs": { "color": "green", "xray": "1" }
    },
    {
      "type": "wokwi-led",
      "id": "led1",
      "top": 191.2,
      "left": -161.8,
      "rotate": 270,
      "attrs": { "color": "red" }
    },
    {
      "type": "wokwi-resistor",
      "id": "r1",
      "top": 253.55,
      "left": -48,
      "attrs": { "value": "470" }
    },
    {
      "type": "wokwi-resistor",
      "id": "r2",
      "top": 205.55,
      "left": -96,
      "attrs": { "value": "2200" }
    },
    {
      "type": "wokwi-pushbutton",
      "id": "btn2",
      "top": 323,
      "left": -124.8,
      "attrs": { "color": "blue", "xray": "1" }
    },
    {
      "type": "wokwi-pushbutton",
      "id": "btn3",
      "top": 419,
      "left": -124.8,
      "attrs": { "color": "red", "xray": "1" }
    },
    {
      "type": "wokwi-pushbutton",
      "id": "btn4",
      "top": 515,
      "left": -124.8,
      "attrs": { "color": "yellow", "xray": "1" }
    },
    {
      "type": "wokwi-led",
      "id": "led2",
      "top": 479.2,
      "left": -161.8,
      "rotate": 270,
      "attrs": { "color": "white" }
    },
    {
      "type": "wokwi-led",
      "id": "led3",
      "top": 383.2,
      "left": -161.8,
      "rotate": 270,
      "attrs": { "color": "green" }
    },
    {
      "type": "wokwi-led",
      "id": "led4",
      "top": 287.2,
      "left": -161.8,
      "rotate": 270,
      "attrs": { "color": "yellow" }
    },
    {
      "type": "wokwi-resistor",
      "id": "r3",
      "top": 493.55,
      "left": -96,
      "attrs": { "value": "2200" }
    },
    {
      "type": "wokwi-resistor",
      "id": "r4",
      "top": 397.55,
      "left": -96,
      "attrs": { "value": "2200" }
    },
    {
      "type": "wokwi-resistor",
      "id": "r5",
      "top": 301.55,
      "left": -96,
      "attrs": { "value": "2200" }
    },
    {
      "type": "wokwi-resistor",
      "id": "r6",
      "top": 349.55,
      "left": -48,
      "attrs": { "value": "470" }
    },
    {
      "type": "wokwi-resistor",
      "id": "r7",
      "top": 445.55,
      "left": -48,
      "attrs": { "value": "470" }
    },
    {
      "type": "wokwi-resistor",
      "id": "r8",
      "top": 541.55,
      "left": -48,
      "attrs": { "value": "470" }
    }
  ],
  "connections": [
    [ "esp:TX", "$serialMonitor:RX", "", [] ],
    [ "esp:RX", "$serialMonitor:TX", "", [] ],
    [ "esp:3V3.1", "bb2:tp.1", "red", [ "v-48", "h124.75", "v68" ] ],
    [ "esp:3V3.1", "bb2:bp.1", "red", [ "h-48.05", "v20" ] ],
    [ "esp:GND.2", "bb2:tn.1", "black", [ "h28.8", "v20" ] ],
    [ "esp:GND.2", "bb2:bn.1", "black", [ "v-38.4", "h-144", "v58.4" ] ],
    [ "bb2:33b.j", "esp:4", "green", [ "h-67.2", "v-278.4" ] ],
    [ "btn1:1.l", "bb2:bp.25", "green", [ "h0" ] ],
    [ "bb2:28t.a", "esp:19", "green", [ "h9.6", "v-76.8" ] ],
    [ "bb2:29b.f", "bb2:tn.23", "black", [ "h0" ] ],
    [ "bb2:39b.f", "bb2:tn.31", "green", [ "h0" ] ],
    [ "bb2:49b.f", "bb2:tn.40", "green", [ "h0" ] ],
    [ "bb2:59b.f", "bb2:tn.48", "green", [ "h0" ] ],
    [ "esp:0", "bb2:14t.a", "", [ "$bb" ] ],
    [ "esp:1", "bb2:4t.a", "", [ "$bb" ] ],
    [ "esp:2", "bb2:5t.a", "", [ "$bb" ] ],
    [ "esp:3", "bb2:13b.h", "", [ "$bb" ] ],
    [ "esp:4", "bb2:4b.h", "", [ "$bb" ] ],
    [ "esp:5", "bb2:5b.h", "", [ "$bb" ] ],
    [ "esp:6", "bb2:6b.h", "", [ "$bb" ] ],
    [ "esp:7", "bb2:7b.h", "", [ "$bb" ] ],
    [ "esp:8", "bb2:12b.h", "", [ "$bb" ] ],
    [ "esp:9", "bb2:15b.h", "", [ "$bb" ] ],
    [ "esp:10", "bb2:16b.h", "", [ "$bb" ] ],
    [ "esp:11", "bb2:17b.h", "", [ "$bb" ] ],
    [ "esp:12", "bb2:18b.h", "", [ "$bb" ] ],
    [ "esp:13", "bb2:19b.h", "", [ "$bb" ] ],
    [ "esp:14", "bb2:20b.h", "", [ "$bb" ] ],
    [ "esp:15", "bb2:8b.h", "", [ "$bb" ] ],
    [ "esp:16", "bb2:9b.h", "", [ "$bb" ] ],
    [ "esp:17", "bb2:10b.h", "", [ "$bb" ] ],
    [ "esp:18", "bb2:11b.h", "", [ "$bb" ] ],
    [ "esp:19", "bb2:20t.a", "", [ "$bb" ] ],
    [ "esp:20", "bb2:19t.a", "", [ "$bb" ] ],
    [ "esp:21", "bb2:18t.a", "", [ "$bb" ] ],
    [ "esp:35", "bb2:13t.a", "", [ "$bb" ] ],
    [ "esp:36", "bb2:12t.a", "", [ "$bb" ] ],
    [ "esp:37", "bb2:11t.a", "", [ "$bb" ] ],
    [ "esp:38", "bb2:10t.a", "", [ "$bb" ] ],
    [ "esp:39", "bb2:9t.a", "", [ "$bb" ] ],
    [ "esp:40", "bb2:8t.a", "", [ "$bb" ] ],
    [ "esp:41", "bb2:7t.a", "", [ "$bb" ] ],
    [ "esp:42", "bb2:6t.a", "", [ "$bb" ] ],
    [ "esp:45", "bb2:15t.a", "", [ "$bb" ] ],
    [ "esp:46", "bb2:14b.h", "", [ "$bb" ] ],
    [ "esp:47", "bb2:17t.a", "", [ "$bb" ] ],
    [ "esp:48", "bb2:16t.a", "", [ "$bb" ] ],
    [ "esp:3V3.1", "bb2:1b.h", "", [ "$bb" ] ],
    [ "esp:3V3.2", "bb2:2b.h", "", [ "$bb" ] ],
    [ "esp:RST", "bb2:3b.h", "", [ "$bb" ] ],
    [ "esp:5V", "bb2:21b.h", "", [ "$bb" ] ],
    [ "esp:GND.1", "bb2:22b.h", "", [ "$bb" ] ],
    [ "esp:GND.2", "bb2:1t.a", "", [ "$bb" ] ],
    [ "esp:TX", "bb2:2t.a", "", [ "$bb" ] ],
    [ "esp:RX", "bb2:3t.a", "", [ "$bb" ] ],
    [ "esp:GND.3", "bb2:21t.a", "", [ "$bb" ] ],
    [ "esp:GND.4", "bb2:22t.a", "", [ "$bb" ] ],
    [ "btn1:1.l", "bb2:31b.j", "", [ "$bb" ] ],
    [ "btn1:2.l", "bb2:33b.j", "", [ "$bb" ] ],
    [ "btn1:1.r", "bb2:31t.e", "", [ "$bb" ] ],
    [ "btn1:2.r", "bb2:33t.e", "", [ "$bb" ] ],
    [ "btn2:1.l", "bb2:41b.j", "", [ "$bb" ] ],
    [ "btn2:2.l", "bb2:43b.j", "", [ "$bb" ] ],
    [ "btn2:1.r", "bb2:41t.e", "", [ "$bb" ] ],
    [ "btn2:2.r", "bb2:43t.e", "", [ "$bb" ] ],
    [ "btn3:1.l", "bb2:51b.j", "", [ "$bb" ] ],
    [ "btn3:2.l", "bb2:53b.j", "", [ "$bb" ] ],
    [ "btn3:1.r", "bb2:51t.e", "", [ "$bb" ] ],
    [ "btn3:2.r", "bb2:53t.e", "", [ "$bb" ] ],
    [ "btn4:1.l", "bb2:61b.j", "", [ "$bb" ] ],
    [ "btn4:2.l", "bb2:63b.j", "", [ "$bb" ] ],
    [ "btn4:1.r", "bb2:61t.e", "", [ "$bb" ] ],
    [ "btn4:2.r", "bb2:63t.e", "", [ "$bb" ] ],
    [ "r2:1", "bb2:28b.g", "", [ "$bb" ] ],
    [ "r2:2", "bb2:28t.c", "", [ "$bb" ] ],
    [ "r5:1", "bb2:38b.g", "", [ "$bb" ] ],
    [ "r5:2", "bb2:38t.c", "", [ "$bb" ] ],
    [ "r4:1", "bb2:48b.g", "", [ "$bb" ] ],
    [ "r4:2", "bb2:48t.c", "", [ "$bb" ] ],
    [ "r3:1", "bb2:58b.g", "", [ "$bb" ] ],
    [ "r3:2", "bb2:58t.c", "", [ "$bb" ] ],
    [ "bb2:38t.a", "esp:20", "green", [ "h0" ] ],
    [ "bb2:48t.a", "esp:21", "green", [ "h9.6", "v-288" ] ],
    [ "bb2:58t.a", "esp:47", "green", [ "h0" ] ],
    [ "led1:A", "bb2:28b.j", "", [ "$bb" ] ],
    [ "led1:C", "bb2:29b.j", "", [ "$bb" ] ],
    [ "led4:A", "bb2:38b.j", "", [ "$bb" ] ],
    [ "led4:C", "bb2:39b.j", "", [ "$bb" ] ],
    [ "led3:A", "bb2:48b.j", "", [ "$bb" ] ],
    [ "led3:C", "bb2:49b.j", "", [ "$bb" ] ],
    [ "led2:A", "bb2:58b.j", "", [ "$bb" ] ],
    [ "led2:C", "bb2:59b.j", "", [ "$bb" ] ],
    [ "r1:1", "bb2:33t.d", "", [ "$bb" ] ],
    [ "r1:2", "bb2:tn.26", "", [ "$bb" ] ],
    [ "r8:1", "bb2:63t.d", "", [ "$bb" ] ],
    [ "r8:2", "bb2:tn.50", "black", [ "v-19.2", "h-1.2" ] ],
    [ "r7:1", "bb2:53t.d", "", [ "$bb" ] ],
    [ "r7:2", "bb2:tn.43", "", [ "$bb" ] ],
    [ "r6:1", "bb2:43t.d", "", [ "$bb" ] ],
    [ "r6:2", "bb2:tn.35", "", [ "$bb" ] ],
    [ "esp:6", "btn3:1.l", "green", [ "h-105.65", "v432" ] ],
    [ "esp:7", "btn4:1.l", "green", [ "h-115.25", "v518.4" ] ],
    [ "btn2:1.l", "esp:5", "green", [ "h-76.8", "v-172.8", "h96.05" ] ]
  ],
  "dependencies": {}
}